video_id,frame_id,shot_id
L21_V01,00000000,000001
L21_V01,00000025,000001
L21_V01,00000050,000001
L21_V01,00000075,000001
L21_V01,00000078,000001
L21_V01,00000079,000002
L21_V01,00000104,000002
L21_V01,00000129,000002
L21_V01,00000154,000002
L21_V01,00000179,000002
L21_V01,00000204,000002
L21_V01,00000229,000002
L21_V01,00000254,000002
L21_V01,00000279,000002
L21_V01,00000304,000002
L21_V01,00000329,000002
L21_V01,00000354,000002
L21_V01,00000379,000002
L21_V01,00000404,000002
L21_V01,00000429,000002
L21_V01,00000454,000002
L21_V01,00000479,000002
L21_V01,00000504,000002
L21_V01,00000529,000002
L21_V01,00000554,000002
L21_V01,00000579,000002
L21_V01,00000604,000002
L21_V01,00000629,000002
L21_V01,00000654,000002
L21_V01,00000679,000002
L21_V01,00000704,000002
L21_V01,00000729,000002
L21_V01,00000754,000002
L21_V01,00000779,000002
L21_V01,00000804,000002
L21_V01,00000829,000002
L21_V01,00000854,000002
L21_V01,00000879,000002
L21_V01,00000904,000002
L21_V01,00000929,000002
L21_V01,00000954,000002
L21_V01,00000979,000002
L21_V01,00001004,000002
L21_V01,00001029,000002
L21_V01,00001054,000002
L21_V01,00001079,000002
L21_V01,00001104,000002
L21_V01,00001129,000002
L21_V01,00001154,000002
L21_V01,00001179,000002
L21_V01,00001204,000002
L21_V01,00001229,000002
L21_V01,00001254,000002
L21_V01,00001279,000002
L21_V01,00001304,000002
L21_V01,00001329,000002
L21_V01,00001354,000002
L21_V01,00001379,000002
L21_V01,00001404,000002
L21_V01,00001429,000002
L21_V01,00001454,000002
L21_V01,00001479,000002
L21_V01,00001504,000002
L21_V01,00001529,000002
L21_V01,00001554,000002
L21_V01,00001579,000002
L21_V01,00001604,000002
L21_V01,00001629,000002
L21_V01,00001654,000002
L21_V01,00001679,000002
L21_V01,00001704,000002
L21_V01,00001729,000002
L21_V01,00001754,000002
L21_V01,00001779,000002
L21_V01,00001804,000002
L21_V01,00001829,000002
L21_V01,00001854,000002
L21_V01,00001879,000002
L21_V01,00001904,000002
L21_V01,00001929,000002
L21_V01,00001954,000002
L21_V01,00001979,000002
L21_V01,00002004,000002
L21_V01,00002029,000002
L21_V01,00002054,000002
L21_V01,00002079,000002
L21_V01,00002104,000002
L21_V01,00002129,000002
L21_V01,00002154,000002
L21_V01,00002179,000002
L21_V01,00002204,000002
L21_V01,00002229,000002
L21_V01,00002254,000002
L21_V01,00002279,000002
L21_V01,00002304,000002
L21_V01,00002329,000002
L21_V01,00002354,000002
L21_V01,00002379,000002
L21_V01,00002404,000002
L21_V01,00002429,000002
L21_V01,00002454,000002
L21_V01,00002479,000002
L21_V01,00002504,000002
L21_V01,00002529,000002
L21_V01,00002539,000002
L21_V01,00002540,000003
L21_V01,00002565,000003
L21_V01,00002590,000003
L21_V01,00002615,000003
L21_V01,00002639,000003
L21_V01,00002640,000004
L21_V01,00002665,000004
L21_V01,00002690,000004
L21_V01,00002715,000004
L21_V01,00002740,000004
L21_V01,00002765,000004
L21_V01,00002790,000004
L21_V01,00002815,000004
L21_V01,00002840,000004
L21_V01,00002859,000004
L21_V01,00002860,000005
L21_V01,00002885,000005
L21_V01,00002910,000005
L21_V01,00002935,000005
L21_V01,00002960,000005
L21_V01,00002985,000005
L21_V01,00003010,000005
L21_V01,00003035,000005
L21_V01,00003060,000005
L21_V01,00003085,000005
L21_V01,00003110,000005
L21_V01,00003135,000005
L21_V01,00003160,000005
L21_V01,00003185,000005
L21_V01,00003210,000005
L21_V01,00003235,000005
L21_V01,00003260,000005
L21_V01,00003285,000005
L21_V01,00003310,000005
L21_V01,00003335,000005
L21_V01,00003360,000005
L21_V01,00003385,000005
L21_V01,00003387,000005
L21_V01,00003388,000006
L21_V01,00003413,000006
L21_V01,00003438,000006
L21_V01,00003463,000006
L21_V01,00003488,000006
L21_V01,00003513,000006
L21_V01,00003538,000006
L21_V01,00003563,000006
L21_V01,00003588,000006
L21_V01,00003613,000006
L21_V01,00003638,000006
L21_V01,00003663,000006
L21_V01,00003688,000006
L21_V01,00003713,000006
L21_V01,00003738,000006
L21_V01,00003763,000006
L21_V01,00003788,000006
L21_V01,00003813,000006
L21_V01,00003838,000006
L21_V01,00003863,000006
L21_V01,00003888,000006
L21_V01,00003894,000006
L21_V01,00003895,000007
L21_V01,00003920,000007
L21_V01,00003945,000007
L21_V01,00003964,000007
L21_V01,00003965,000008
L21_V01,00003990,000008
L21_V01,00004015,000008
L21_V01,00004030,000008
L21_V01,00004031,000009
L21_V01,00004056,000009
L21_V01,00004081,000009
L21_V01,00004095,000009
L21_V01,00004096,000010
L21_V01,00004121,000010
L21_V01,00004146,000010
L21_V01,00004160,000010
L21_V01,00004161,000011
L21_V01,00004186,000011
L21_V01,00004211,000011
L21_V01,00004218,000011
L21_V01,00004219,000012
L21_V01,00004244,000012
L21_V01,00004269,000012
L21_V01,00004275,000012
L21_V01,00004276,000013
L21_V01,00004301,000013
L21_V01,00004326,000013
L21_V01,00004351,000013
L21_V01,00004376,000013
L21_V01,00004401,000013
L21_V01,00004426,000013
L21_V01,00004451,000013
L21_V01,00004476,000013
L21_V01,00004501,000013
L21_V01,00004526,000013
L21_V01,00004551,000013
L21_V01,00004576,000013
L21_V01,00004601,000013
L21_V01,00004626,000013
L21_V01,00004651,000013
L21_V01,00004676,000013
L21_V01,00004678,000013
L21_V01,00004679,000014
L21_V01,00004704,000014
L21_V01,00004729,000014
L21_V01,00004746,000014
L21_V01,00004747,000015
L21_V01,00004772,000015
L21_V01,00004797,000015
L21_V01,00004819,000015
L21_V01,00004820,000016
L21_V01,00004845,000016
L21_V01,00004870,000016
L21_V01,00004883,000016
L21_V01,00004884,000017
L21_V01,00004909,000017
L21_V01,00004934,000017
L21_V01,00004959,000017
L21_V01,00004984,000017
L21_V01,00005009,000017
L21_V01,00005034,000017
L21_V01,00005059,000017
L21_V01,00005084,000017
L21_V01,00005109,000017
L21_V01,00005128,000017
L21_V01,00005129,000018
L21_V01,00005154,000018
L21_V01,00005179,000018
L21_V01,00005193,000018
L21_V01,00005194,000019
L21_V01,00005219,000019
L21_V01,00005244,000019
L21_V01,00005265,000019
L21_V01,00005266,000020
L21_V01,00005291,000020
L21_V01,00005316,000020
L21_V01,00005332,000020
L21_V01,00005333,000021
L21_V01,00005358,000021
L21_V01,00005383,000021
L21_V01,00005403,000021
L21_V01,00005404,000022
L21_V01,00005429,000022
L21_V01,00005454,000022
L21_V01,00005475,000022
L21_V01,00005476,000023
L21_V01,00005501,000023
L21_V01,00005526,000023
L21_V01,00005532,000023
L21_V01,00005533,000024
L21_V01,00005558,000024
L21_V01,00005583,000024
L21_V01,00005594,000024
L21_V01,00005595,000025
L21_V01,00005620,000025
L21_V01,00005645,000025
L21_V01,00005655,000025
L21_V01,00005656,000026
L21_V01,00005681,000026
L21_V01,00005705,000026
L21_V01,00005706,000027
L21_V01,00005707,000027
L21_V01,00005708,000028
L21_V01,00005733,000028
L21_V01,00005758,000028
L21_V01,00005783,000028
L21_V01,00005808,000028
L21_V01,00005833,000028
L21_V01,00005858,000028
L21_V01,00005883,000028
L21_V01,00005908,000028
L21_V01,00005933,000028
L21_V01,00005958,000028
L21_V01,00005983,000028
L21_V01,00006008,000028
L21_V01,00006033,000028
L21_V01,00006058,000028
L21_V01,00006072,000028
L21_V01,00006073,000029
L21_V01,00006098,000029
L21_V01,00006123,000029
L21_V01,00006148,000029
L21_V01,00006153,000029
L21_V01,00006154,000030
L21_V01,00006179,000030
L21_V01,00006204,000030
L21_V01,00006214,000030
L21_V01,00006215,000031
L21_V01,00006240,000031
L21_V01,00006261,000031
L21_V01,00006262,000032
L21_V01,00006287,000032
L21_V01,00006312,000032
L21_V01,00006337,000032
L21_V01,00006362,000032
L21_V01,00006387,000032
L21_V01,00006412,000032
L21_V01,00006437,000032
L21_V01,00006462,000032
L21_V01,00006487,000032
L21_V01,00006512,000032
L21_V01,00006537,000032
L21_V01,00006562,000032
L21_V01,00006587,000032
L21_V01,00006612,000032
L21_V01,00006637,000032
L21_V01,00006662,000032
L21_V01,00006672,000032
L21_V01,00006673,000033
L21_V01,00006698,000033
L21_V01,00006723,000033
L21_V01,00006748,000033
L21_V01,00006749,000034
L21_V01,00006774,000034
L21_V01,00006799,000034
L21_V01,00006803,000034
L21_V01,00006804,000035
L21_V01,00006829,000035
L21_V01,00006854,000035
L21_V01,00006868,000035
L21_V01,00006869,000036
L21_V01,00006894,000036
L21_V01,00006919,000036
L21_V01,00006921,000036
L21_V01,00006922,000037
L21_V01,00006947,000037
L21_V01,00006972,000037
L21_V01,00006983,000037
L21_V01,00006984,000038
L21_V01,00007009,000038
L21_V01,00007034,000038
L21_V01,00007048,000038
L21_V01,00007049,000039
L21_V01,00007074,000039
L21_V01,00007099,000039
L21_V01,00007108,000039
L21_V01,00007109,000040
L21_V01,00007134,000040
L21_V01,00007159,000040
L21_V01,00007184,000040
L21_V01,00007209,000040
L21_V01,00007234,000040
L21_V01,00007259,000040
L21_V01,00007284,000040
L21_V01,00007309,000040
L21_V01,00007334,000040
L21_V01,00007359,000040
L21_V01,00007383,000040
L21_V01,00007384,000041
L21_V01,00007409,000041
L21_V01,00007434,000041
L21_V01,00007459,000041
L21_V01,00007466,000041
L21_V01,00007467,000042
L21_V01,00007492,000042
L21_V01,00007517,000042
L21_V01,00007531,000042
L21_V01,00007532,000043
L21_V01,00007557,000043
L21_V01,00007582,000043
L21_V01,00007602,000043
L21_V01,00007603,000044
L21_V01,00007628,000044
L21_V01,00007653,000044
L21_V01,00007659,000044
L21_V01,00007660,000045
L21_V01,00007685,000045
L21_V01,00007710,000045
L21_V01,00007720,000045
L21_V01,00007721,000046
L21_V01,00007746,000046
L21_V01,00007771,000046
L21_V01,00007782,000046
L21_V01,00007783,000047
L21_V01,00007808,000047
L21_V01,00007815,000047
L21_V01,00007816,000048
L21_V01,00007841,000048
L21_V01,00007865,000048
L21_V01,00007866,000049
L21_V01,00007891,000049
L21_V01,00007916,000049
L21_V01,00007919,000049
L21_V01,00007920,000050
L21_V01,00007945,000050
L21_V01,00007970,000050
L21_V01,00007975,000050
L21_V01,00007976,000051
L21_V01,00008001,000051
L21_V01,00008026,000051
L21_V01,00008032,000051
L21_V01,00008033,000052
L21_V01,00008058,000052
L21_V01,00008061,000052
L21_V01,00008062,000053
L21_V01,00008087,000053
L21_V01,00008100,000053
L21_V01,00008101,000054
L21_V01,00008126,000054
L21_V01,00008151,000054
L21_V01,00008176,000054
L21_V01,00008201,000054
L21_V01,00008226,000054
L21_V01,00008251,000054
L21_V01,00008276,000054
L21_V01,00008301,000054
L21_V01,00008326,000054
L21_V01,00008351,000054
L21_V01,00008376,000054
L21_V01,00008377,000055
L21_V01,00008402,000055
L21_V01,00008411,000055
L21_V01,00008412,000056
L21_V01,00008437,000056
L21_V01,00008462,000056
L21_V01,00008487,000056
L21_V01,00008505,000056
L21_V01,00008506,000057
L21_V01,00008531,000057
L21_V01,00008556,000057
L21_V01,00008581,000057
L21_V01,00008606,000057
L21_V01,00008631,000057
L21_V01,00008656,000057
L21_V01,00008681,000057
L21_V01,00008706,000057
L21_V01,00008731,000057
L21_V01,00008756,000057
L21_V01,00008781,000057
L21_V01,00008806,000057
L21_V01,00008831,000057
L21_V01,00008856,000057
L21_V01,00008881,000057
L21_V01,00008906,000057
L21_V01,00008931,000057
L21_V01,00008956,000057
L21_V01,00008961,000057
L21_V01,00008962,000058
L21_V01,00008974,000058
L21_V01,00008975,000059
L21_V01,00009000,000059
L21_V01,00009025,000059
L21_V01,00009033,000059
L21_V01,00009034,000060
L21_V01,00009059,000060
L21_V01,00009084,000060
L21_V01,00009091,000060
L21_V01,00009092,000061
L21_V01,00009117,000061
L21_V01,00009140,000061
L21_V01,00009141,000062
L21_V01,00009166,000062
L21_V01,00009183,000062
L21_V01,00009184,000063
L21_V01,00009196,000063
L21_V01,00009197,000064
L21_V01,00009222,000064
L21_V01,00009247,000064
L21_V01,00009250,000064
L21_V01,00009251,000065
L21_V01,00009276,000065
L21_V01,00009301,000065
L21_V01,00009324,000065
L21_V01,00009325,000066
L21_V01,00009350,000066
L21_V01,00009375,000066
L21_V01,00009385,000066
L21_V01,00009386,000067
L21_V01,00009411,000067
L21_V01,00009436,000067
L21_V01,00009440,000067
L21_V01,00009441,000068
L21_V01,00009466,000068
L21_V01,00009491,000068
L21_V01,00009507,000068
L21_V01,00009508,000069
L21_V01,00009533,000069
L21_V01,00009558,000069
L21_V01,00009568,000069
L21_V01,00009569,000070
L21_V01,00009594,000070
L21_V01,00009619,000070
L21_V01,00009628,000070
L21_V01,00009629,000071
L21_V01,00009654,000071
L21_V01,00009679,000071
L21_V01,00009704,000071
L21_V01,00009707,000071
L21_V01,00009708,000072
L21_V01,00009721,000072
L21_V01,00009722,000073
L21_V01,00009747,000073
L21_V01,00009772,000073
L21_V01,00009797,000073
L21_V01,00009822,000073
L21_V01,00009847,000073
L21_V01,00009872,000073
L21_V01,00009897,000073
L21_V01,00009922,000073
L21_V01,00009947,000073
L21_V01,00009972,000073
L21_V01,00009997,000073
L21_V01,00010022,000073
L21_V01,00010047,000073
L21_V01,00010072,000073
L21_V01,00010097,000073
L21_V01,00010122,000073
L21_V01,00010147,000073
L21_V01,00010172,000073
L21_V01,00010197,000073
L21_V01,00010222,000073
L21_V01,00010247,000073
L21_V01,00010272,000073
L21_V01,00010297,000073
L21_V01,00010322,000073
L21_V01,00010347,000073
L21_V01,00010372,000073
L21_V01,00010397,000073
L21_V01,00010422,000073
L21_V01,00010426,000073
L21_V01,00010427,000074
L21_V01,00010452,000074
L21_V01,00010464,000074
L21_V01,00010465,000075
L21_V01,00010490,000075
L21_V01,00010515,000075
L21_V01,00010540,000075
L21_V01,00010541,000076
L21_V01,00010566,000076
L21_V01,00010591,000076
L21_V01,00010609,000076
L21_V01,00010610,000077
L21_V01,00010635,000077
L21_V01,00010650,000077
L21_V01,00010651,000078
L21_V01,00010676,000078
L21_V01,00010701,000078
L21_V01,00010726,000078
L21_V01,00010751,000078
L21_V01,00010770,000078
L21_V01,00010771,000079
L21_V01,00010796,000079
L21_V01,00010821,000079
L21_V01,00010829,000079
L21_V01,00010830,000080
L21_V01,00010855,000080
L21_V01,00010880,000080
L21_V01,00010893,000080
L21_V01,00010894,000081
L21_V01,00010919,000081
L21_V01,00010937,000081
L21_V01,00010938,000082
L21_V01,00010963,000082
L21_V01,00010988,000082
L21_V01,00011013,000082
L21_V01,00011038,000082
L21_V01,00011063,000082
L21_V01,00011088,000082
L21_V01,00011109,000082
L21_V01,00011110,000083
L21_V01,00011135,000083
L21_V01,00011160,000083
L21_V01,00011185,000083
L21_V01,00011210,000083
L21_V01,00011235,000083
L21_V01,00011260,000083
L21_V01,00011285,000083
L21_V01,00011310,000083
L21_V01,00011335,000083
L21_V01,00011360,000083
L21_V01,00011385,000083
L21_V01,00011410,000083
L21_V01,00011435,000083
L21_V01,00011460,000083
L21_V01,00011474,000083
L21_V01,00011475,000084
L21_V01,00011500,000084
L21_V01,00011525,000084
L21_V01,00011550,000084
L21_V01,00011551,000084
L21_V01,00011552,000085
L21_V01,00011577,000085
L21_V01,00011601,000085
L21_V01,00011602,000086
L21_V01,00011627,000086
L21_V01,00011650,000086
L21_V01,00011651,000087
L21_V01,00011676,000087
L21_V01,00011696,000087
L21_V01,00011697,000088
L21_V01,00011722,000088
L21_V01,00011747,000088
L21_V01,00011772,000088
L21_V01,00011797,000088
L21_V01,00011822,000088
L21_V01,00011847,000088
L21_V01,00011872,000088
L21_V01,00011897,000088
L21_V01,00011916,000088
L21_V01,00011917,000089
L21_V01,00011942,000089
L21_V01,00011967,000089
L21_V01,00011992,000089
L21_V01,00012017,000089
L21_V01,00012042,000089
L21_V01,00012051,000089
L21_V01,00012052,000090
L21_V01,00012077,000090
L21_V01,00012102,000090
L21_V01,00012127,000090
L21_V01,00012146,000090
L21_V01,00012147,000091
L21_V01,00012172,000091
L21_V01,00012197,000091
L21_V01,00012222,000091
L21_V01,00012228,000091
L21_V01,00012229,000092
L21_V01,00012254,000092
L21_V01,00012279,000092
L21_V01,00012302,000092
L21_V01,00012303,000093
L21_V01,00012328,000093
L21_V01,00012353,000093
L21_V01,00012375,000093
L21_V01,00012376,000094
L21_V01,00012401,000094
L21_V01,00012426,000094
L21_V01,00012451,000094
L21_V01,00012476,000094
L21_V01,00012477,000094
L21_V01,00012478,000095
L21_V01,00012503,000095
L21_V01,00012528,000095
L21_V01,00012553,000095
L21_V01,00012573,000095
L21_V01,00012574,000096
L21_V01,00012599,000096
L21_V01,00012624,000096
L21_V01,00012649,000096
L21_V01,00012674,000096
L21_V01,00012699,000096
L21_V01,00012724,000096
L21_V01,00012749,000096
L21_V01,00012764,000096
L21_V01,00012765,000097
L21_V01,00012790,000097
L21_V01,00012815,000097
L21_V01,00012840,000097
L21_V01,00012843,000097
L21_V01,00012844,000098
L21_V01,00012869,000098
L21_V01,00012894,000098
L21_V01,00012913,000098
L21_V01,00012914,000099
L21_V01,00012939,000099
L21_V01,00012964,000099
L21_V01,00012986,000099
L21_V01,00012987,000100
L21_V01,00013012,000100
L21_V01,00013037,000100
L21_V01,00013062,000100
L21_V01,00013073,000100
L21_V01,00013074,000101
L21_V01,00013099,000101
L21_V01,00013124,000101
L21_V01,00013140,000101
L21_V01,00013141,000102
L21_V01,00013166,000102
L21_V01,00013191,000102
L21_V01,00013196,000102
L21_V01,00013197,000103
L21_V01,00013222,000103
L21_V01,00013247,000103
L21_V01,00013254,000103
L21_V01,00013255,000104
L21_V01,00013280,000104
L21_V01,00013300,000104
L21_V01,00013301,000105
L21_V01,00013326,000105
L21_V01,00013343,000105
L21_V01,00013344,000106
L21_V01,00013369,000106
L21_V01,00013394,000106
L21_V01,00013419,000106
L21_V01,00013420,000106
L21_V01,00013421,000107
L21_V01,00013446,000107
L21_V01,00013471,000107
L21_V01,00013487,000107
L21_V01,00013488,000108
L21_V01,00013513,000108
L21_V01,00013538,000108
L21_V01,00013563,000108
L21_V01,00013588,000108
L21_V01,00013613,000108
L21_V01,00013638,000108
L21_V01,00013663,000108
L21_V01,00013688,000108
L21_V01,00013713,000108
L21_V01,00013725,000108
L21_V01,00013726,000109
L21_V01,00013751,000109
L21_V01,00013776,000109
L21_V01,00013801,000109
L21_V01,00013807,000109
L21_V01,00013808,000110
L21_V01,00013833,000110
L21_V01,00013858,000110
L21_V01,00013883,000110
L21_V01,00013886,000110
L21_V01,00013887,000111
L21_V01,00013912,000111
L21_V01,00013937,000111
L21_V01,00013962,000111
L21_V01,00013970,000111
L21_V01,00013971,000112
L21_V01,00013996,000112
L21_V01,00014021,000112
L21_V01,00014035,000112
L21_V01,00014036,000113
L21_V01,00014061,000113
L21_V01,00014086,000113
L21_V01,00014111,000113
L21_V01,00014130,000113
L21_V01,00014131,000114
L21_V01,00014156,000114
L21_V01,00014181,000114
L21_V01,00014186,000114
L21_V01,00014187,000115
L21_V01,00014212,000115
L21_V01,00014237,000115
L21_V01,00014262,000115
L21_V01,00014287,000115
L21_V01,00014312,000115
L21_V01,00014337,000115
L21_V01,00014345,000115
L21_V01,00014346,000116
L21_V01,00014371,000116
L21_V01,00014396,000116
L21_V01,00014421,000116
L21_V01,00014446,000116
L21_V01,00014471,000116
L21_V01,00014496,000116
L21_V01,00014521,000116
L21_V01,00014546,000116
L21_V01,00014571,000116
L21_V01,00014596,000116
L21_V01,00014621,000116
L21_V01,00014636,000116
L21_V01,00014637,000117
L21_V01,00014662,000117
L21_V01,00014687,000117
L21_V01,00014712,000117
L21_V01,00014737,000117
L21_V01,00014762,000117
L21_V01,00014787,000117
L21_V01,00014812,000117
L21_V01,00014837,000117
L21_V01,00014862,000117
L21_V01,00014887,000117
L21_V01,00014910,000117
L21_V01,00014911,000118
L21_V01,00014936,000118
L21_V01,00014961,000118
L21_V01,00014986,000118
L21_V01,00015011,000118
L21_V01,00015017,000118
L21_V01,00015018,000119
L21_V01,00015043,000119
L21_V01,00015068,000119
L21_V01,00015093,000119
L21_V01,00015118,000119
L21_V01,00015143,000119
L21_V01,00015168,000119
L21_V01,00015193,000119
L21_V01,00015194,000120
L21_V01,00015219,000120
L21_V01,00015244,000120
L21_V01,00015264,000120
L21_V01,00015265,000121
L21_V01,00015290,000121
L21_V01,00015297,000121
L21_V01,00015298,000122
L21_V01,00015323,000122
L21_V01,00015348,000122
L21_V01,00015373,000122
L21_V01,00015375,000122
L21_V01,00015376,000123
L21_V01,00015401,000123
L21_V01,00015426,000123
L21_V01,00015436,000123
L21_V01,00015437,000124
L21_V01,00015462,000124
L21_V01,00015487,000124
L21_V01,00015497,000124
L21_V01,00015498,000125
L21_V01,00015523,000125
L21_V01,00015548,000125
L21_V01,00015568,000125
L21_V01,00015569,000126
L21_V01,00015594,000126
L21_V01,00015619,000126
L21_V01,00015638,000126
L21_V01,00015639,000127
L21_V01,00015664,000127
L21_V01,00015689,000127
L21_V01,00015690,000128
L21_V01,00015715,000128
L21_V01,00015740,000128
L21_V01,00015741,000129
L21_V01,00015766,000129
L21_V01,00015791,000129
L21_V01,00015816,000129
L21_V01,00015826,000129
L21_V01,00015827,000130
L21_V01,00015852,000130
L21_V01,00015877,000130
L21_V01,00015902,000130
L21_V01,00015927,000130
L21_V01,00015952,000130
L21_V01,00015977,000130
L21_V01,00016002,000130
L21_V01,00016027,000130
L21_V01,00016052,000130
L21_V01,00016077,000130
L21_V01,00016102,000130
L21_V01,00016127,000130
L21_V01,00016152,000130
L21_V01,00016177,000130
L21_V01,00016202,000130
L21_V01,00016227,000130
L21_V01,00016252,000130
L21_V01,00016263,000130
L21_V01,00016264,000131
L21_V01,00016289,000131
L21_V01,00016314,000131
L21_V01,00016339,000131
L21_V01,00016364,000131
L21_V01,00016389,000131
L21_V01,00016392,000131
L21_V01,00016393,000132
L21_V01,00016418,000132
L21_V01,00016443,000132
L21_V01,00016458,000132
L21_V01,00016459,000133
L21_V01,00016484,000133
L21_V01,00016509,000133
L21_V01,00016534,000133
L21_V01,00016540,000133
L21_V01,00016541,000134
L21_V01,00016566,000134
L21_V01,00016591,000134
L21_V01,00016616,000134
L21_V01,00016641,000134
L21_V01,00016666,000134
L21_V01,00016691,000134
L21_V01,00016716,000134
L21_V01,00016718,000134
L21_V01,00016719,000135
L21_V01,00016744,000135
L21_V01,00016769,000135
L21_V01,00016794,000135
L21_V01,00016819,000135
L21_V01,00016844,000135
L21_V01,00016869,000135
L21_V01,00016894,000135
L21_V01,00016919,000135
L21_V01,00016944,000135
L21_V01,00016969,000135
L21_V01,00016985,000135
L21_V01,00016986,000136
L21_V01,00017011,000136
L21_V01,00017036,000136
L21_V01,00017061,000136
L21_V01,00017086,000136
L21_V01,00017111,000136
L21_V01,00017136,000136
L21_V01,00017161,000136
L21_V01,00017186,000136
L21_V01,00017211,000136
L21_V01,00017236,000136
L21_V01,00017261,000136
L21_V01,00017262,000137
L21_V01,00017287,000137
L21_V01,00017312,000137
L21_V01,00017337,000137
L21_V01,00017347,000137
L21_V01,00017348,000138
L21_V01,00017373,000138
L21_V01,00017398,000138
L21_V01,00017418,000138
L21_V01,00017419,000139
L21_V01,00017444,000139
L21_V01,00017469,000139
L21_V01,00017494,000139
L21_V01,00017519,000139
L21_V01,00017521,000139
L21_V01,00017522,000140
L21_V01,00017547,000140
L21_V01,00017572,000140
L21_V01,00017597,000140
L21_V01,00017622,000140
L21_V01,00017632,000140
L21_V01,00017633,000141
L21_V01,00017658,000141
L21_V01,00017683,000141
L21_V01,00017708,000141
L21_V01,00017733,000141
L21_V01,00017758,000141
L21_V01,00017783,000141
L21_V01,00017793,000141
L21_V01,00017794,000142
L21_V01,00017819,000142
L21_V01,00017827,000142
L21_V01,00017828,000143
L21_V01,00017853,000143
L21_V01,00017878,000143
L21_V01,00017903,000143
L21_V01,00017928,000143
L21_V01,00017953,000143
L21_V01,00017978,000143
L21_V01,00018003,000143
L21_V01,00018028,000143
L21_V01,00018053,000143
L21_V01,00018078,000143
L21_V01,00018103,000143
L21_V01,00018128,000143
L21_V01,00018153,000143
L21_V01,00018178,000143
L21_V01,00018203,000143
L21_V01,00018228,000143
L21_V01,00018253,000143
L21_V01,00018278,000143
L21_V01,00018303,000143
L21_V01,00018328,000143
L21_V01,00018353,000143
L21_V01,00018378,000143
L21_V01,00018403,000143
L21_V01,00018428,000143
L21_V01,00018453,000143
L21_V01,00018478,000143
L21_V01,00018503,000143
L21_V01,00018528,000143
L21_V01,00018553,000143
L21_V01,00018578,000143
L21_V01,00018603,000143
L21_V01,00018628,000143
L21_V01,00018653,000143
L21_V01,00018678,000143
L21_V01,00018703,000143
L21_V01,00018728,000143
L21_V01,00018753,000143
L21_V01,00018778,000143
L21_V01,00018803,000143
L21_V01,00018828,000143
L21_V01,00018853,000143
L21_V01,00018866,000143
L21_V01,00018867,000144
L21_V01,00018892,000144
L21_V01,00018917,000144
L21_V01,00018942,000144
L21_V01,00018967,000144
L21_V01,00018992,000144
L21_V01,00019017,000144
L21_V01,00019042,000144
L21_V01,00019067,000144
L21_V01,00019092,000144
L21_V01,00019117,000144
L21_V01,00019142,000144
L21_V01,00019167,000144
L21_V01,00019192,000144
L21_V01,00019217,000144
L21_V01,00019242,000144
L21_V01,00019243,000144
L21_V01,00019244,000145
L21_V01,00019269,000145
L21_V01,00019294,000145
L21_V01,00019319,000145
L21_V01,00019321,000145
L21_V01,00019322,000146
L21_V01,00019347,000146
L21_V01,00019372,000146
L21_V01,00019397,000146
L21_V01,00019422,000146
L21_V01,00019447,000146
L21_V01,00019472,000146
L21_V01,00019486,000146
L21_V01,00019487,000147
L21_V01,00019512,000147
L21_V01,00019513,000147
L21_V01,00019514,000148
L21_V01,00019539,000148
L21_V01,00019544,000148
L21_V01,00019545,000149
L21_V01,00019570,000149
L21_V01,00019595,000149
L21_V01,00019620,000149
L21_V01,00019636,000149
L21_V01,00019637,000150
L21_V01,00019662,000150
L21_V01,00019687,000150
L21_V01,00019712,000150
L21_V01,00019714,000150
L21_V01,00019715,000151
L21_V01,00019740,000151
L21_V01,00019765,000151
L21_V01,00019790,000151
L21_V01,00019791,000151
L21_V01,00019792,000152
L21_V01,00019817,000152
L21_V01,00019842,000152
L21_V01,00019867,000152
L21_V01,00019892,000152
L21_V01,00019917,000152
L21_V01,00019918,000153
L21_V01,00019943,000153
L21_V01,00019968,000153
L21_V01,00019993,000153
L21_V01,00020005,000153
L21_V01,00020006,000154
L21_V01,00020031,000154
L21_V01,00020056,000154
L21_V01,00020081,000154
L21_V01,00020106,000154
L21_V01,00020114,000154
L21_V01,00020115,000155
L21_V01,00020140,000155
L21_V01,00020165,000155
L21_V01,00020190,000155
L21_V01,00020215,000155
L21_V01,00020222,000155
L21_V01,00020223,000156
L21_V01,00020248,000156
L21_V01,00020273,000156
L21_V01,00020298,000156
L21_V01,00020317,000156
L21_V01,00020318,000157
L21_V01,00020331,000157
L21_V01,00020332,000158
L21_V01,00020357,000158
L21_V01,00020382,000158
L21_V01,00020407,000158
L21_V01,00020432,000158
L21_V01,00020457,000158
L21_V01,00020482,000158
L21_V01,00020507,000158
L21_V01,00020532,000158
L21_V01,00020557,000158
L21_V01,00020582,000158
L21_V01,00020607,000158
L21_V01,00020632,000158
L21_V01,00020657,000158
L21_V01,00020682,000158
L21_V01,00020707,000158
L21_V01,00020732,000158
L21_V01,00020757,000158
L21_V01,00020782,000158
L21_V01,00020804,000158
L21_V01,00020805,000159
L21_V01,00020830,000159
L21_V01,00020855,000159
L21_V01,00020880,000159
L21_V01,00020903,000159
L21_V01,00020904,000160
L21_V01,00020929,000160
L21_V01,00020954,000160
L21_V01,00020979,000160
L21_V01,00021004,000160
L21_V01,00021005,000161
L21_V01,00021030,000161
L21_V01,00021055,000161
L21_V01,00021080,000161
L21_V01,00021103,000161
L21_V01,00021104,000162
L21_V01,00021129,000162
L21_V01,00021154,000162
L21_V01,00021179,000162
L21_V01,00021204,000162
L21_V01,00021205,000163
L21_V01,00021230,000163
L21_V01,00021255,000163
L21_V01,00021270,000163
L21_V01,00021271,000164
L21_V01,00021296,000164
L21_V01,00021321,000164
L21_V01,00021326,000164
L21_V01,00021327,000165
L21_V01,00021352,000165
L21_V01,00021377,000165
L21_V01,00021402,000165
L21_V01,00021407,000165
L21_V01,00021408,000166
L21_V01,00021433,000166
L21_V01,00021458,000166
L21_V01,00021483,000166
L21_V01,00021508,000166
L21_V01,00021517,000166
L21_V01,00021518,000167
L21_V01,00021543,000167
L21_V01,00021568,000167
L21_V01,00021571,000167
L21_V01,00021572,000168
L21_V01,00021597,000168
L21_V01,00021620,000168
L21_V01,00021621,000169
L21_V01,00021646,000169
L21_V01,00021671,000169
L21_V01,00021672,000169
L21_V01,00021673,000170
L21_V01,00021698,000170
L21_V01,00021720,000170
L21_V01,00021721,000171
L21_V01,00021740,000171
L21_V01,00021741,000172
L21_V01,00021766,000172
L21_V01,00021791,000172
L21_V01,00021798,000172
L21_V01,00021799,000173
L21_V01,00021824,000173
L21_V01,00021849,000173
L21_V01,00021874,000173
L21_V01,00021878,000173
L21_V01,00021879,000174
L21_V01,00021904,000174
L21_V01,00021929,000174
L21_V01,00021954,000174
L21_V01,00021979,000174
L21_V01,00022004,000174
L21_V01,00022029,000174
L21_V01,00022054,000174
L21_V01,00022079,000174
L21_V01,00022104,000174
L21_V01,00022129,000174
L21_V01,00022154,000174
L21_V01,00022179,000174
L21_V01,00022204,000174
L21_V01,00022229,000174
L21_V01,00022254,000174
L21_V01,00022279,000174
L21_V01,00022304,000174
L21_V01,00022329,000174
L21_V01,00022354,000174
L21_V01,00022359,000174
L21_V01,00022360,000175
L21_V01,00022385,000175
L21_V01,00022410,000175
L21_V01,00022435,000175
L21_V01,00022460,000175
L21_V01,00022485,000175
L21_V01,00022486,000175
L21_V01,00022487,000176
L21_V01,00022512,000176
L21_V01,00022537,000176
L21_V01,00022562,000176
L21_V01,00022587,000176
L21_V01,00022612,000176
L21_V01,00022637,000176
L21_V01,00022662,000176
L21_V01,00022687,000176
L21_V01,00022712,000176
L21_V01,00022737,000176
L21_V01,00022762,000176
L21_V01,00022787,000176
L21_V01,00022812,000176
L21_V01,00022831,000176
L21_V01,00022832,000177
L21_V01,00022857,000177
L21_V01,00022882,000177
L21_V01,00022890,000177
L21_V01,00022891,000178
L21_V01,00022916,000178
L21_V01,00022941,000178
L21_V01,00022946,000178
L21_V01,00022947,000179
L21_V01,00022972,000179
L21_V01,00022997,000179
L21_V01,00023018,000179
L21_V01,00023019,000180
L21_V01,00023044,000180
L21_V01,00023064,000180
L21_V01,00023065,000181
L21_V01,00023090,000181
L21_V01,00023115,000181
L21_V01,00023117,000181
L21_V01,00023118,000182
L21_V01,00023143,000182
L21_V01,00023168,000182
L21_V01,00023193,000182
L21_V01,00023205,000182
L21_V01,00023206,000183
L21_V01,00023231,000183
L21_V01,00023256,000183
L21_V01,00023277,000183
L21_V01,00023278,000184
L21_V01,00023303,000184
L21_V01,00023328,000184
L21_V01,00023353,000184
L21_V01,00023378,000184
L21_V01,00023393,000184
L21_V01,00023394,000185
L21_V01,00023419,000185
L21_V01,00023444,000185
L21_V01,00023469,000185
L21_V01,00023494,000185
L21_V01,00023519,000185
L21_V01,00023544,000185
L21_V01,00023555,000185
L21_V01,00023556,000186
L21_V01,00023581,000186
L21_V01,00023606,000186
L21_V01,00023631,000186
L21_V01,00023656,000186
L21_V01,00023681,000186
L21_V01,00023706,000186
L21_V01,00023731,000186
L21_V01,00023756,000186
L21_V01,00023781,000186
L21_V01,00023806,000186
L21_V01,00023831,000186
L21_V01,00023849,000186
L21_V01,00023850,000187
L21_V01,00023875,000187
L21_V01,00023898,000187
L21_V01,00023899,000188
L21_V01,00023924,000188
L21_V01,00023949,000188
L21_V01,00023974,000188
L21_V01,00023999,000188
L21_V01,00024024,000188
L21_V01,00024025,000188
L21_V01,00024026,000189
L21_V01,00024051,000189
L21_V01,00024076,000189
L21_V01,00024101,000189
L21_V01,00024126,000189
L21_V01,00024151,000189
L21_V01,00024153,000189
L21_V01,00024154,000190
L21_V01,00024179,000190
L21_V01,00024204,000190
L21_V01,00024229,000190
L21_V01,00024254,000190
L21_V01,00024277,000190
L21_V01,00024278,000191
L21_V01,00024303,000191
L21_V01,00024328,000191
L21_V01,00024353,000191
L21_V01,00024378,000191
L21_V01,00024403,000191
L21_V01,00024428,000191
L21_V01,00024436,000191
L21_V01,00024437,000192
L21_V01,00024462,000192
L21_V01,00024487,000192
L21_V01,00024512,000192
L21_V01,00024517,000192
L21_V01,00024518,000193
L21_V01,00024543,000193
L21_V01,00024568,000193
L21_V01,00024593,000193
L21_V01,00024618,000193
L21_V01,00024643,000193
L21_V01,00024668,000193
L21_V01,00024693,000193
L21_V01,00024718,000193
L21_V01,00024743,000193
L21_V01,00024768,000193
L21_V01,00024793,000193
L21_V01,00024818,000193
L21_V01,00024843,000193
L21_V01,00024868,000193
L21_V01,00024893,000193
L21_V01,00024918,000193
L21_V01,00024943,000193
L21_V01,00024968,000193
L21_V01,00024993,000193
L21_V01,00024996,000193
L21_V01,00024997,000194
L21_V01,00025022,000194
L21_V01,00025047,000194
L21_V01,00025061,000194
L21_V01,00025062,000195
L21_V01,00025087,000195
L21_V01,00025112,000195
L21_V01,00025116,000195
L21_V01,00025117,000196
L21_V01,00025142,000196
L21_V01,00025167,000196
L21_V01,00025177,000196
L21_V01,00025178,000197
L21_V01,00025203,000197
L21_V01,00025228,000197
L21_V01,00025237,000197
L21_V01,00025238,000198
L21_V01,00025263,000198
L21_V01,00025282,000198
L21_V01,00025283,000199
L21_V01,00025308,000199
L21_V01,00025319,000199
L21_V01,00025320,000200
L21_V01,00025345,000200
L21_V01,00025370,000200
L21_V01,00025386,000200
L21_V01,00025387,000201
L21_V01,00025412,000201
L21_V01,00025437,000201
L21_V01,00025460,000201
L21_V01,00025461,000202
L21_V01,00025486,000202
L21_V01,00025509,000202
L21_V01,00025510,000203
L21_V01,00025535,000203
L21_V01,00025553,000203
L21_V01,00025554,000204
L21_V01,00025579,000204
L21_V01,00025602,000204
L21_V01,00025603,000205
L21_V01,00025628,000205
L21_V01,00025653,000205
L21_V01,00025678,000205
L21_V01,00025693,000205
L21_V01,00025694,000206
L21_V01,00025719,000206
L21_V01,00025744,000206
L21_V01,00025769,000206
L21_V01,00025775,000206
L21_V01,00025776,000207
L21_V01,00025801,000207
L21_V01,00025826,000207
L21_V01,00025851,000207
L21_V01,00025874,000207
L21_V01,00025875,000208
L21_V01,00025900,000208
L21_V01,00025925,000208
L21_V01,00025931,000208
L21_V01,00025932,000209
L21_V01,00025957,000209
L21_V01,00025975,000209
L21_V01,00025976,000210
L21_V01,00026001,000210
L21_V01,00026026,000210
L21_V01,00026050,000210
L21_V01,00026051,000211
L21_V01,00026076,000211
L21_V01,00026098,000211
L21_V01,00026099,000212
L21_V01,00026124,000212
L21_V01,00026149,000212
L21_V01,00026157,000212
L21_V01,00026158,000213
L21_V01,00026183,000213
L21_V01,00026206,000213
L21_V01,00026207,000214
L21_V01,00026232,000214
L21_V01,00026257,000214
L21_V01,00026258,000214
L21_V01,00026259,000215
L21_V01,00026284,000215
L21_V01,00026308,000215
L21_V01,00026309,000216
L21_V01,00026334,000216
L21_V01,00026359,000216
L21_V01,00026361,000216
L21_V01,00026362,000217
L21_V01,00026387,000217
L21_V01,00026411,000217
L21_V01,00026412,000218
L21_V01,00026437,000218
L21_V01,00026462,000218
L21_V01,00026463,000219
L21_V01,00026488,000219
L21_V01,00026500,000219
L21_V01,00026501,000220
L21_V01,00026526,000220
L21_V01,00026550,000220
L21_V01,00026551,000221
L21_V01,00026576,000221
L21_V01,00026601,000221
L21_V01,00026626,000221
L21_V01,00026651,000221
L21_V01,00026676,000221
L21_V01,00026701,000221
L21_V01,00026713,000221
L21_V01,00026714,000222
L21_V01,00026739,000222
L21_V01,00026764,000222
L21_V01,00026787,000222
L21_V01,00026788,000223
L21_V01,00026813,000223
L21_V01,00026838,000223
L21_V01,00026863,000223
L21_V01,00026888,000223
L21_V01,00026913,000223
L21_V01,00026938,000223
L21_V01,00026963,000223
L21_V01,00026988,000223
L21_V01,00027013,000223
L21_V01,00027038,000223
L21_V01,00027063,000223
L21_V01,00027088,000223
L21_V01,00027113,000223
L21_V01,00027138,000223
L21_V01,00027147,000223
L21_V01,00027148,000224
L21_V01,00027173,000224
L21_V01,00027198,000224
L21_V01,00027206,000224
L21_V01,00027207,000225
L21_V01,00027232,000225
L21_V01,00027257,000225
L21_V01,00027270,000225
L21_V01,00027271,000226
L21_V01,00027296,000226
L21_V01,00027321,000226
L21_V01,00027337,000226
L21_V01,00027338,000227
L21_V01,00027363,000227
L21_V01,00027376,000227
L21_V01,00027377,000228
L21_V01,00027402,000228
L21_V01,00027415,000228
L21_V01,00027416,000229
L21_V01,00027441,000229
L21_V01,00027466,000229
L21_V01,00027481,000229
L21_V01,00027482,000230
L21_V01,00027507,000230
L21_V01,00027526,000230
L21_V01,00027527,000231
L21_V01,00027552,000231
L21_V01,00027564,000231
L21_V01,00027565,000232
L21_V01,00027590,000232
L21_V01,00027615,000232
L21_V01,00027628,000232
L21_V01,00027629,000233
L21_V01,00027654,000233
L21_V01,00027679,000233
L21_V01,00027704,000233
L21_V01,00027706,000233
L21_V01,00027707,000234
L21_V01,00027732,000234
L21_V01,00027757,000234
L21_V01,00027760,000234
L21_V01,00027761,000235
L21_V01,00027786,000235
L21_V01,00027808,000235
L21_V01,00027809,000236
L21_V01,00027834,000236
L21_V01,00027859,000236
L21_V01,00027875,000236
L21_V01,00027876,000237
L21_V01,00027901,000237
L21_V01,00027926,000237
L21_V01,00027948,000237
L21_V01,00027949,000238
L21_V01,00027974,000238
L21_V01,00027999,000238
L21_V01,00028019,000238
L21_V01,00028020,000239
L21_V01,00028045,000239
L21_V01,00028070,000239
L21_V01,00028090,000239
L21_V01,00028091,000240
L21_V01,00028116,000240
L21_V01,00028141,000240
L21_V01,00028164,000240
L21_V01,00028165,000241
L21_V01,00028190,000241
L21_V01,00028215,000241
L21_V01,00028231,000241
L21_V01,00028232,000242
L21_V01,00028257,000242
L21_V01,00028282,000242
L21_V01,00028304,000242
L21_V01,00028305,000243
L21_V01,00028330,000243
L21_V01,00028355,000243
L21_V01,00028375,000243
L21_V01,00028376,000244
L21_V01,00028401,000244
L21_V01,00028426,000244
L21_V01,00028446,000244
L21_V01,00028447,000245
L21_V01,00028472,000245
L21_V01,00028497,000245
L21_V01,00028522,000245
L21_V01,00028535,000245
L21_V01,00028536,000246
L21_V01,00028561,000246
L21_V01,00028572,000246
L21_V01,00028573,000247
L21_V01,00028598,000247
L21_V01,00028620,000247
L21_V01,00028621,000248
L21_V01,00028646,000248
L21_V01,00028671,000248
L21_V01,00028696,000248
L21_V01,00028721,000248
L21_V01,00028727,000248
L21_V01,00028728,000249
L21_V01,00028753,000249
L21_V01,00028778,000249
L21_V01,00028803,000249
L21_V01,00028828,000249
L21_V01,00028835,000249
L21_V01,00028836,000250
L21_V01,00028861,000250
L21_V01,00028886,000250
L21_V01,00028900,000250
L21_V01,00028901,000251
L21_V01,00028926,000251
L21_V01,00028951,000251
L21_V01,00028976,000251
L21_V01,00028977,000252
L21_V01,00029002,000252
L21_V01,00029027,000252
L21_V01,00029052,000252
L21_V01,00029055,000252
L21_V01,00029056,000253
L21_V01,00029081,000253
L21_V01,00029106,000253
L21_V01,00029126,000253
L21_V01,00029127,000254
L21_V01,00029152,000254
L21_V01,00029177,000254
L21_V01,00029201,000254
L21_V01,00029202,000255
L21_V01,00029227,000255
L21_V01,00029252,000255
L21_V01,00029273,000255
L21_V01,00029274,000256
L21_V01,00029299,000256
L21_V01,00029324,000256
L21_V01,00029334,000256
L21_V01,00029335,000257
L21_V01,00029360,000257
L21_V01,00029385,000257
L21_V01,00029387,000257
L21_V01,00029388,000258
L21_V01,00029413,000258
L21_V01,00029438,000258
L21_V01,00029463,000258
L21_V01,00029465,000258
L21_V01,00029466,000259
L21_V01,00029491,000259
L21_V01,00029516,000259
L21_V01,00029541,000259
L21_V01,00029566,000259
L21_V01,00029573,000259
L21_V01,00029574,000260
L21_V01,00029599,000260
L21_V01,00029624,000260
L21_V01,00029649,000260
L21_V01,00029674,000260
L21_V01,00029699,000260
L21_V01,00029724,000260
L21_V01,00029749,000260
L21_V01,00029774,000260
L21_V01,00029799,000260
L21_V01,00029824,000260
L21_V01,00029849,000260
L21_V01,00029874,000260
L21_V01,00029899,000260
L21_V01,00029924,000260
L21_V01,00029949,000260
L21_V01,00029974,000260
L21_V01,00029999,000260
L21_V01,00030024,000260
L21_V01,00030049,000260
L21_V01,00030074,000260
L21_V01,00030099,000260
L21_V01,00030124,000260
L21_V01,00030149,000260
L21_V01,00030174,000260
L21_V01,00030199,000260
L21_V01,00030224,000260
L21_V01,00030249,000260
L21_V01,00030274,000260
L21_V01,00030299,000260
L21_V01,00030324,000260
L21_V01,00030349,000260
L21_V01,00030374,000260
L21_V01,00030399,000260
L21_V01,00030424,000260
L21_V01,00030449,000260
L21_V01,00030474,000260
L21_V01,00030499,000260
L21_V01,00030523,000260
L21_V01,00030524,000261
L21_V01,00030549,000261
L21_V01,00030550,000262
L21_V01,00030575,000262
L21_V01,00030600,000262
L21_V01,00030605,000262
L21_V01,00030606,000263
L21_V01,00030631,000263
L21_V01,00030640,000263
L21_V01,00030641,000264
L21_V01,00030666,000264
L21_V01,00030691,000264
L21_V01,00030704,000264
L21_V01,00030705,000265
L21_V01,00030730,000265
L21_V01,00030755,000265
L21_V01,00030764,000265
L21_V01,00030765,000266
L21_V01,00030790,000266
L21_V01,00030813,000266
L21_V01,00030814,000267
L21_V01,00030839,000267
L21_V01,00030864,000267
L21_V01,00030875,000267
L21_V01,00030876,000268
L21_V01,00030901,000268
L21_V01,00030926,000268
L21_V01,00030951,000268
L21_V01,00030976,000268
L21_V01,00030977,000269
L21_V01,00031002,000269
L21_V01,00031027,000269
L21_V01,00031052,000269
L21_V01,00031076,000269
L21_V01,00031077,000270
L21_V01,00031102,000270
L21_V01,00031127,000270
L21_V01,00031132,000270
L21_V01,00031133,000271
L21_V01,00031158,000271
L21_V01,00031183,000271
L21_V01,00031208,000271
L21_V01,00031233,000271
L21_V01,00031258,000271
L21_V01,00031283,000271
L21_V01,00031308,000271
L21_V01,00031333,000271
L21_V01,00031347,000271
L21_V01,00031348,000272
L21_V01,00031373,000272
L21_V01,00031398,000272
L21_V01,00031404,000272
L21_V01,00031405,000273
L21_V01,00031430,000273
L21_V01,00031455,000273
L21_V01,00031480,000273
L21_V01,00031499,000273
L21_V01,00031500,000274
L21_V01,00031525,000274
L21_V01,00031550,000274
L21_V01,00031575,000274
L21_V01,00031600,000274
L21_V01,00031622,000274
L21_V01,00031623,000275
L21_V01,00031648,000275
L21_V01,00031670,000275
L21_V01,00031671,000276
L21_V01,00031696,000276
L21_V01,00031721,000276
L21_V01,00031746,000276
L21_V01,00031771,000276
L21_V01,00031796,000276
L21_V01,00031821,000276
L21_V01,00031846,000276
L21_V01,00031871,000276
L21_V01,00031896,000276
L21_V01,00031921,000276
L21_V01,00031946,000276
L21_V01,00031971,000276
L21_V01,00031996,000276
L21_V01,00032021,000276
L21_V01,00032046,000276
L21_V01,00032071,000276
L21_V01,00032096,000276
L21_V01,00032107,000276
L21_V01,00032108,000277
L21_V01,00032133,000277
L21_V01,00032158,000277
L21_V01,00032163,000277
L21_V01,00032164,000278
L21_V01,00032189,000278
L21_V01,00032214,000278
L21_V01,00032231,000278
L21_V01,00032232,000279
L21_V01,00032249,000279
L21_V01,00032250,000280
L21_V01,00032264,000280
L21_V01,00032265,000281
L21_V01,00032274,000281
L21_V01,00032275,000282
L21_V01,00032289,000282
L21_V01,00032290,000283
L21_V01,00032301,000283
L21_V01,00032302,000284
L21_V01,00032327,000284
L21_V01,00032332,000284
L21_V01,00032333,000285
L21_V01,00032358,000285
L21_V01,00032371,000285
L21_V01,00032372,000286
L21_V01,00032397,000286
L21_V01,00032422,000286
L21_V01,00032437,000286
L21_V01,00032438,000287
L21_V01,00032463,000287
L21_V01,00032488,000287
L21_V01,00032489,000287
L21_V01,00032490,000288
L21_V01,00032515,000288
L21_V01,00032540,000288
L21_V01,00032563,000288
L21_V01,00032564,000289
L21_V01,00032589,000289
L21_V01,00032614,000289
L21_V01,00032628,000289
L21_V01,00032629,000290
L21_V01,00032654,000290
L21_V01,00032679,000290
L21_V01,00032680,000291
L21_V01,00032705,000291
L21_V01,00032730,000291
L21_V01,00032755,000291
L21_V01,00032780,000291
L21_V01,00032805,000291
L21_V01,00032830,000291
L21_V01,00032855,000291
L21_V01,00032873,000291
L21_V01,00032874,000292
L21_V01,00032899,000292
L21_V01,00032924,000292
L21_V01,00032949,000292
L21_V01,00032974,000292
L21_V01,00032999,000292
L21_V01,00033024,000292
L21_V01,00033049,000292
L21_V01,00033074,000292
L21_V01,00033099,000292
L21_V01,00033124,000292
L21_V01,00033149,000292
L21_V01,00033174,000292
L21_V01,00033199,000292
L21_V01,00033224,000292
L21_V01,00033249,000292
L21_V01,00033274,000292
L21_V01,00033299,000292
L21_V01,00033324,000292
L21_V01,00033349,000292
L21_V01,00033374,000292
L21_V01,00033398,000292
L21_V01,00033399,000293
L21_V01,00033424,000293
L21_V01,00033449,000293
L21_V01,00033474,000293
L21_V01,00033497,000293
L21_V01,00033498,000294
L21_V01,00033523,000294
L21_V01,00033548,000294
L21_V01,00033573,000294
L21_V01,00033594,000294
L21_V01,00033595,000295
L21_V01,00033619,000295
L21_V01,00033620,000296
L21_V01,00033645,000296
L21_V01,00033670,000296
L21_V01,00033673,000296
L21_V01,00033674,000297
L21_V01,00033695,000297
L21_V01,00033696,000298
L21_V01,00033721,000298
L21_V01,00033726,000298
L21_V01,00033727,000299
L21_V01,00033752,000299
L21_V01,00033765,000299
L21_V01,00033766,000300
L21_V01,00033791,000300
L21_V01,00033816,000300
L21_V01,00033818,000300
L21_V01,00033819,000301
L21_V01,00033844,000301
